link_id,url,category,platform,subcategory,source,status,notes,added_at
1,https://www.tiktok.com/@gadgetglimpse/video/7376304558559071530,bottle_warmer,tiktok,便携恒温杯,manual,pending,portable warmer roundup,2026-06-23
2,https://www.tiktok.com/@eugenie.strawderman/video/7440471494041275678,bottle_warmer,tiktok,便携恒温杯,manual,pending,bololo portable warmer,2026-06-23
3,https://www.tiktok.com/@babybrezza/video/7383388217879383339,bottle_warmer,tiktok,便携恒温杯,manual,pending,baby brezza superfast portable,2026-06-23
4,https://www.tiktok.com/@elliamalone/video/7280005363171151146,bottle_warmer,tiktok,便携恒温杯,manual,pending,momcozy portable review,2026-06-23
5,https://www.tiktok.com/@kaylatwinmom/video/7442474674031693099,bottle_warmer,tiktok,便携恒温杯,manual,pending,travel bottle warmer,2026-06-23
6,https://www.tiktok.com/@beeandtheboys/video/7158923548579499310,bottle_warmer,tiktok,便携恒温杯,manual,pending,on the go feeding,2026-06-23
7,https://www.tiktok.com/@courtneybb04/video/7426873794754546974,bottle_warmer,tiktok,便携恒温杯,manual,pending,portable warmer demo,2026-06-23
8,https://www.tiktok.com/@simply_chella/video/7506642110834281774,bottle_warmer,tiktok,便携恒温杯,manual,pending,mom must have warmer,2026-06-23
9,https://www.tiktok.com/@cupcakegaboo/video/7106665278041394478,bottle_warmer,tiktok,便携恒温杯,manual,pending,bottle warmer hack,2026-06-23
10,https://www.tiktok.com/@claudiadelrio1/video/7472050129772629290,bottle_warmer,tiktok,便携恒温杯,manual,pending,travel milk warmer,2026-06-23
11,https://www.tiktok.com/@brbvicky/video/7516360043470654750,bottle_warmer,tiktok,便携恒温杯,manual,pending,portable warmer review,2026-06-23
12,https://www.tiktok.com/@racheljoanmyers/video/7462847085394644270,bottle_warmer,tiktok,便携恒温杯,manual,pending,warming on the go,2026-06-23
13,https://www.tiktok.com/@chels_morgan97/video/7431553642110487838,bottle_warmer,tiktok,便携恒温杯,manual,pending,momcozy mw03,2026-06-23
14,https://www.tiktok.com/@adiiariiss/video/7295379796677201183,bottle_warmer,tiktok,便携恒温杯,manual,pending,baby feeding essentials,2026-06-23
15,https://www.tiktok.com/@kimberly.michellee/video/7460374667765894442,bottle_warmer,tiktok,便携恒温杯,manual,pending,portable warmer test,2026-06-23
16,https://www.tiktok.com/@lazykelly/video/7229018143182785838,bottle_warmer,tiktok,便携恒温杯,manual,pending,travel baby gear,2026-06-23
17,https://www.tiktok.com/@theinmanfamblog/video/7246038193051553067,bottle_warmer,tiktok,便携恒温杯,manual,pending,diaper bag warmer,2026-06-23
18,https://www.tiktok.com/@theregistrymama/video/7456447365608639774,bottle_warmer,tiktok,便携恒温杯,manual,pending,registry must have,2026-06-23
19,https://www.tiktok.com/@loveeprinny/video/7439535973635050783,bottle_warmer,tiktok,便携恒温杯,manual,pending,bottle warmer comparison,2026-06-23
20,https://www.tiktok.com/@the_health_plug/video/7501454276888120622,bottle_warmer,tiktok,便携恒温杯,manual,pending,baby brezza vs momcozy,2026-06-23
21,https://www.tiktok.com/@h.a.branson/video/7467639437304859950,bottle_warmer,tiktok,便携恒温杯,manual,pending,portable warmer tips,2026-06-23
22,https://www.tiktok.com/@lloyd__co/video/7335273528473783595,bottle_warmer,tiktok,便携恒温杯,manual,pending,travel feeding hack,2026-06-23
23,https://www.tiktok.com/@tiffanymariekohut/video/7476987220591660319,bottle_warmer,tiktok,便携恒温杯,manual,pending,warm milk anywhere,2026-06-23
24,https://www.tiktok.com/@gladysmamacita/video/7423195910550605102,bottle_warmer,tiktok,便携恒温杯,manual,pending,momcozy warmer,2026-06-23
25,https://www.tiktok.com/@jewelpovey/video/7389367451684736286,bottle_warmer,tiktok,便携恒温杯,manual,pending,bottle warmer review,2026-06-23
26,https://www.tiktok.com/@montessori_by_june/video/7225989196735991086,bottle_warmer,tiktok,便携恒温杯,manual,pending,feeding on the go,2026-06-23
27,https://www.tiktok.com/@maceylin/video/7510017836069408046,bottle_warmer,tiktok,便携恒温杯,manual,pending,portable milk warmer,2026-06-23
28,https://www.tiktok.com/@momlifeandmonique/video/7462773467201473822,bottle_warmer,tiktok,便携恒温杯,manual,pending,new mom essentials,2026-06-23
29,https://www.tiktok.com/@helebell511/video/7400367780178038047,bottle_warmer,tiktok,便携恒温杯,manual,pending,night feed warmer,2026-06-23
30,https://www.tiktok.com/@itstheleefam/video/7502495667516984607,bottle_warmer,tiktok,便携恒温杯,manual,pending,family travel feeding,2026-06-23
31,https://www.tiktok.com/@courtneyy__k/video/7464258420884000030,bottle_warmer,tiktok,便携恒温杯,manual,pending,dr browns + warmer,2026-06-23
32,https://www.tiktok.com/@twin_mama6/video/7492145649266347306,bottle_warmer,tiktok,便携恒温杯,manual,pending,twin mom warmer,2026-06-23
33,https://www.tiktok.com/@mady.motherhood/video/7521765085048540447,bottle_warmer,tiktok,便携恒温杯,manual,pending,motherhood must haves,2026-06-23
34,https://www.tiktok.com/@monikalili/video/7518352252461927694,bottle_warmer,tiktok,便携恒温杯,manual,pending,portable warmer unboxing,2026-06-23
35,https://www.tiktok.com/@thebabygearconsultant/video/7472253596185398574,bottle_warmer,tiktok,便携恒温杯,manual,pending,baby gear consultant,2026-06-23
36,https://www.tiktok.com/@themilknest/video/7434209692466826526,bottle_warmer,tiktok,便携恒温杯,manual,pending,feeding support,2026-06-23
37,https://www.tiktok.com/@joannafranken/video/7491562905360502034,bottle_warmer,tiktok,便携恒温杯,manual,pending,new parent travel,2026-06-23
